filename,label
ISIC_0024310.jpg,MEL
ISIC_0024313.jpg,MEL
ISIC_0024315.jpg,MEL
ISIC_0024323.jpg,MEL
ISIC_0024333.jpg,MEL
ISIC_0024351.jpg,MEL
ISIC_0024367.jpg,MEL
ISIC_0024400.jpg,MEL
ISIC_0024410.jpg,MEL
ISIC_0024449.jpg,MEL
ISIC_0024459.jpg,MEL
ISIC_0024481.jpg,MEL
ISIC_0024482.jpg,MEL
ISIC_0024496.jpg,MEL
ISIC_0024516.jpg,MEL
ISIC_0024525.jpg,MEL
ISIC_0024537.jpg,MEL
ISIC_0024545.jpg,MEL
ISIC_0024546.jpg,MEL
ISIC_0024552.jpg,MEL
ISIC_0024554.jpg,MEL
ISIC_0024571.jpg,MEL
ISIC_0024586.jpg,MEL
ISIC_0024624.jpg,MEL
ISIC_0024630.jpg,MEL
ISIC_0024640.jpg,MEL
ISIC_0024644.jpg,MEL
ISIC_0024647.jpg,MEL
ISIC_0024652.jpg,MEL
ISIC_0024675.jpg,MEL
ISIC_0024679.jpg,MEL
ISIC_0024688.jpg,MEL
ISIC_0024700.jpg,MEL
ISIC_0024701.jpg,MEL
ISIC_0024702.jpg,MEL
ISIC_0024729.jpg,MEL
ISIC_0024732.jpg,MEL
ISIC_0024733.jpg,MEL
ISIC_0024739.jpg,MEL
ISIC_0024756.jpg,MEL
ISIC_0024767.jpg,MEL
ISIC_0024792.jpg,MEL
ISIC_0024805.jpg,MEL
ISIC_0024806.jpg,MEL
ISIC_0024823.jpg,MEL
ISIC_0024853.jpg,MEL
ISIC_0024864.jpg,MEL
ISIC_0024865.jpg,MEL
ISIC_0024875.jpg,MEL
ISIC_0024886.jpg,MEL
ISIC_0024898.jpg,MEL
ISIC_0024900.jpg,MEL
ISIC_0024911.jpg,MEL
ISIC_0024918.jpg,MEL
ISIC_0024929.jpg,MEL
ISIC_0024930.jpg,MEL
ISIC_0024932.jpg,MEL
ISIC_0024940.jpg,MEL
ISIC_0024951.jpg,MEL
ISIC_0024952.jpg,MEL
ISIC_0024958.jpg,MEL
ISIC_0024961.jpg,MEL
ISIC_0024962.jpg,MEL
ISIC_0024967.jpg,MEL
ISIC_0024972.jpg,MEL
ISIC_0024987.jpg,MEL
ISIC_0024999.jpg,MEL
ISIC_0025018.jpg,MEL
ISIC_0025035.jpg,MEL
ISIC_0025081.jpg,MEL
ISIC_0025085.jpg,MEL
ISIC_0025097.jpg,MEL
ISIC_0025105.jpg,MEL
ISIC_0025121.jpg,MEL
ISIC_0025127.jpg,MEL
ISIC_0025128.jpg,MEL
ISIC_0025132.jpg,MEL
ISIC_0025145.jpg,MEL
ISIC_0025153.jpg,MEL
ISIC_0025155.jpg,MEL
ISIC_0025188.jpg,MEL
ISIC_0025195.jpg,MEL
ISIC_0025219.jpg,MEL
ISIC_0025234.jpg,MEL
ISIC_0025235.jpg,MEL
ISIC_0025238.jpg,MEL
ISIC_0025248.jpg,MEL
ISIC_0025265.jpg,MEL
ISIC_0025268.jpg,MEL
ISIC_0025277.jpg,MEL
ISIC_0025303.jpg,MEL
ISIC_0025313.jpg,MEL
ISIC_0025316.jpg,MEL
ISIC_0025317.jpg,MEL
ISIC_0025324.jpg,MEL
ISIC_0025363.jpg,MEL
ISIC_0025391.jpg,MEL
ISIC_0025394.jpg,MEL
ISIC_0025409.jpg,MEL
ISIC_0025413.jpg,MEL
ISIC_0025414.jpg,MEL
ISIC_0025439.jpg,MEL
ISIC_0025450.jpg,MEL
ISIC_0025451.jpg,MEL
ISIC_0025472.jpg,MEL
ISIC_0025489.jpg,MEL
ISIC_0025500.jpg,MEL
ISIC_0025512.jpg,MEL
ISIC_0025520.jpg,MEL
ISIC_0025524.jpg,MEL
ISIC_0025531.jpg,MEL
ISIC_0025543.jpg,MEL
ISIC_0025546.jpg,MEL
ISIC_0025550.jpg,MEL
ISIC_0025573.jpg,MEL
ISIC_0025589.jpg,MEL
ISIC_0025592.jpg,MEL
ISIC_0025603.jpg,MEL
ISIC_0025611.jpg,MEL
ISIC_0025616.jpg,MEL
ISIC_0025651.jpg,MEL
ISIC_0025663.jpg,MEL
ISIC_0025674.jpg,MEL
ISIC_0025708.jpg,MEL
ISIC_0025709.jpg,MEL
ISIC_0025724.jpg,MEL
ISIC_0025732.jpg,MEL
ISIC_0025744.jpg,MEL
ISIC_0025748.jpg,MEL
ISIC_0025751.jpg,MEL
ISIC_0025755.jpg,MEL
ISIC_0025766.jpg,MEL
ISIC_0025783.jpg,MEL
ISIC_0025791.jpg,MEL
ISIC_0025800.jpg,MEL
ISIC_0025814.jpg,MEL
ISIC_0025832.jpg,MEL
ISIC_0025835.jpg,MEL
ISIC_0025891.jpg,MEL
ISIC_0025904.jpg,MEL
ISIC_0025927.jpg,MEL
ISIC_0025941.jpg,MEL
ISIC_0025955.jpg,MEL
ISIC_0025963.jpg,MEL
ISIC_0025964.jpg,MEL
ISIC_0025987.jpg,MEL
ISIC_0025996.jpg,MEL
ISIC_0026009.jpg,MEL
ISIC_0026045.jpg,MEL
ISIC_0026081.jpg,MEL
ISIC_0026086.jpg,MEL
ISIC_0026089.jpg,MEL
ISIC_0026094.jpg,MEL
ISIC_0026105.jpg,MEL
ISIC_0026113.jpg,MEL
ISIC_0026115.jpg,MEL
ISIC_0026120.jpg,MEL
ISIC_0026131.jpg,MEL
ISIC_0026150.jpg,MEL
ISIC_0026158.jpg,MEL
ISIC_0026167.jpg,MEL
ISIC_0026188.jpg,MEL
ISIC_0026207.jpg,MEL
ISIC_0026229.jpg,MEL
ISIC_0026236.jpg,MEL
ISIC_0026239.jpg,MEL
ISIC_0026247.jpg,MEL
ISIC_0026258.jpg,MEL
ISIC_0026266.jpg,MEL
ISIC_0026268.jpg,MEL
ISIC_0026281.jpg,MEL
ISIC_0026296.jpg,MEL
ISIC_0026314.jpg,MEL
ISIC_0026352.jpg,MEL
ISIC_0026360.jpg,MEL
ISIC_0026369.jpg,MEL
ISIC_0026420.jpg,MEL
ISIC_0026430.jpg,MEL
ISIC_0026438.jpg,MEL
ISIC_0026458.jpg,MEL
ISIC_0026475.jpg,MEL
ISIC_0026489.jpg,MEL
ISIC_0026500.jpg,MEL
ISIC_0026506.jpg,MEL
ISIC_0026516.jpg,MEL
ISIC_0026531.jpg,MEL
ISIC_0026545.jpg,MEL
ISIC_0026558.jpg,MEL
ISIC_0026571.jpg,MEL
ISIC_0026586.jpg,MEL
ISIC_0026596.jpg,MEL
ISIC_0026604.jpg,MEL
ISIC_0026622.jpg,MEL
ISIC_0026647.jpg,MEL
ISIC_0026652.jpg,MEL
ISIC_0026664.jpg,MEL
ISIC_0026690.jpg,MEL
ISIC_0026694.jpg,MEL
ISIC_0026697.jpg,MEL
ISIC_0026735.jpg,MEL
ISIC_0026738.jpg,MEL
ISIC_0026745.jpg,MEL
ISIC_0026746.jpg,MEL
ISIC_0026754.jpg,MEL
ISIC_0026770.jpg,MEL
ISIC_0026774.jpg,MEL
ISIC_0026796.jpg,MEL
ISIC_0026802.jpg,MEL
ISIC_0026811.jpg,MEL
ISIC_0026823.jpg,MEL
ISIC_0026847.jpg,MEL
ISIC_0026853.jpg,MEL
ISIC_0026868.jpg,MEL
ISIC_0026870.jpg,MEL
ISIC_0026877.jpg,MEL
ISIC_0026892.jpg,MEL
ISIC_0026897.jpg,MEL
ISIC_0026909.jpg,MEL
ISIC_0026916.jpg,MEL
ISIC_0026930.jpg,MEL
ISIC_0026950.jpg,MEL
ISIC_0026954.jpg,MEL
ISIC_0026963.jpg,MEL
ISIC_0026976.jpg,MEL
ISIC_0026989.jpg,MEL
ISIC_0026993.jpg,MEL
ISIC_0026996.jpg,MEL
ISIC_0027021.jpg,MEL
ISIC_0027030.jpg,MEL
ISIC_0027033.jpg,MEL
ISIC_0027043.jpg,MEL
ISIC_0027060.jpg,MEL
ISIC_0027063.jpg,MEL
ISIC_0027065.jpg,MEL
ISIC_0027067.jpg,MEL
ISIC_0027069.jpg,MEL
ISIC_0027071.jpg,MEL
ISIC_0027076.jpg,MEL
ISIC_0027089.jpg,MEL
ISIC_0027100.jpg,MEL
ISIC_0027101.jpg,MEL
ISIC_0027102.jpg,MEL
ISIC_0027105.jpg,MEL
ISIC_0027125.jpg,MEL
ISIC_0027126.jpg,MEL
ISIC_0027130.jpg,MEL
ISIC_0027144.jpg,MEL
ISIC_0027149.jpg,MEL
ISIC_0027155.jpg,MEL
ISIC_0027163.jpg,MEL
ISIC_0027171.jpg,MEL
ISIC_0027174.jpg,MEL
ISIC_0027179.jpg,MEL
ISIC_0027187.jpg,MEL
ISIC_0027190.jpg,MEL
ISIC_0027204.jpg,MEL
ISIC_0027234.jpg,MEL
ISIC_0027238.jpg,MEL
ISIC_0027253.jpg,MEL
ISIC_0027260.jpg,MEL
ISIC_0027261.jpg,MEL
ISIC_0027263.jpg,MEL
ISIC_0027277.jpg,MEL
ISIC_0027282.jpg,MEL
ISIC_0027300.jpg,MEL
ISIC_0027302.jpg,MEL
ISIC_0027306.jpg,MEL
ISIC_0027327.jpg,MEL
ISIC_0027328.jpg,MEL
ISIC_0027350.jpg,MEL
ISIC_0027352.jpg,MEL
ISIC_0027359.jpg,MEL
ISIC_0027387.jpg,MEL
ISIC_0027402.jpg,MEL
ISIC_0027407.jpg,MEL
ISIC_0027420.jpg,MEL
ISIC_0027436.jpg,MEL
ISIC_0027442.jpg,MEL
ISIC_0027480.jpg,MEL
ISIC_0027487.jpg,MEL
ISIC_0027502.jpg,MEL
ISIC_0027507.jpg,MEL
ISIC_0027517.jpg,MEL
ISIC_0027552.jpg,MEL
ISIC_0027560.jpg,MEL
ISIC_0027561.jpg,MEL
ISIC_0027573.jpg,MEL
ISIC_0027590.jpg,MEL
ISIC_0027604.jpg,MEL
ISIC_0027616.jpg,MEL
ISIC_0027620.jpg,MEL
ISIC_0027622.jpg,MEL
ISIC_0027651.jpg,MEL
ISIC_0027659.jpg,MEL
ISIC_0027663.jpg,MEL
ISIC_0027669.jpg,MEL
ISIC_0027673.jpg,MEL
ISIC_0027693.jpg,MEL
ISIC_0027702.jpg,MEL
ISIC_0027721.jpg,MEL
ISIC_0027742.jpg,MEL
ISIC_0027769.jpg,MEL
ISIC_0027776.jpg,MEL
ISIC_0027793.jpg,MEL
ISIC_0027797.jpg,MEL
ISIC_0027822.jpg,MEL
ISIC_0027832.jpg,MEL
ISIC_0027838.jpg,MEL
ISIC_0027863.jpg,MEL
ISIC_0027872.jpg,MEL
ISIC_0027900.jpg,MEL
ISIC_0027904.jpg,MEL
ISIC_0027956.jpg,MEL
ISIC_0027964.jpg,MEL
ISIC_0028003.jpg,MEL
ISIC_0028017.jpg,MEL
ISIC_0028022.jpg,MEL
ISIC_0028026.jpg,MEL
ISIC_0028029.jpg,MEL
ISIC_0028033.jpg,MEL
ISIC_0028041.jpg,MEL
ISIC_0028051.jpg,MEL
ISIC_0028056.jpg,MEL
ISIC_0028065.jpg,MEL
ISIC_0028069.jpg,MEL
ISIC_0028075.jpg,MEL
ISIC_0028082.jpg,MEL
ISIC_0028086.jpg,MEL
ISIC_0028087.jpg,MEL
ISIC_0028103.jpg,MEL
ISIC_0028109.jpg,MEL
ISIC_0028114.jpg,MEL
ISIC_0028126.jpg,MEL
ISIC_0028127.jpg,MEL
ISIC_0028148.jpg,MEL
ISIC_0028156.jpg,MEL
ISIC_0028173.jpg,MEL
ISIC_0028198.jpg,MEL
ISIC_0028211.jpg,MEL
ISIC_0028215.jpg,MEL
ISIC_0028218.jpg,MEL
ISIC_0028219.jpg,MEL
ISIC_0028220.jpg,MEL
ISIC_0028225.jpg,MEL
ISIC_0028227.jpg,MEL
ISIC_0028228.jpg,MEL
ISIC_0028285.jpg,MEL
ISIC_0028288.jpg,MEL
ISIC_0028291.jpg,MEL
ISIC_0028306.jpg,MEL
ISIC_0028317.jpg,MEL
ISIC_0028325.jpg,MEL
ISIC_0028326.jpg,MEL
ISIC_0028352.jpg,MEL
ISIC_0028361.jpg,MEL
ISIC_0028410.jpg,MEL
ISIC_0028412.jpg,MEL
ISIC_0028415.jpg,MEL
ISIC_0028418.jpg,MEL
ISIC_0028442.jpg,MEL
ISIC_0028445.jpg,MEL
ISIC_0028460.jpg,MEL
ISIC_0028463.jpg,MEL
ISIC_0028465.jpg,MEL
ISIC_0028467.jpg,MEL
ISIC_0028481.jpg,MEL
ISIC_0028489.jpg,MEL
ISIC_0028493.jpg,MEL
ISIC_0028505.jpg,MEL
ISIC_0028508.jpg,MEL
ISIC_0028512.jpg,MEL
ISIC_0028519.jpg,MEL
ISIC_0028520.jpg,MEL
ISIC_0028537.jpg,MEL
ISIC_0028543.jpg,MEL
ISIC_0028548.jpg,MEL
ISIC_0028565.jpg,MEL
ISIC_0028567.jpg,MEL
ISIC_0028579.jpg,MEL
ISIC_0028582.jpg,MEL
ISIC_0028584.jpg,MEL
ISIC_0028642.jpg,MEL
ISIC_0028655.jpg,MEL
ISIC_0028666.jpg,MEL
ISIC_0028685.jpg,MEL
ISIC_0028696.jpg,MEL
ISIC_0028709.jpg,MEL
ISIC_0028718.jpg,MEL
ISIC_0028746.jpg,MEL
ISIC_0028760.jpg,MEL
ISIC_0028764.jpg,MEL
ISIC_0028773.jpg,MEL
ISIC_0028777.jpg,MEL
ISIC_0028847.jpg,MEL
ISIC_0028860.jpg,MEL
ISIC_0028878.jpg,MEL
ISIC_0028897.jpg,MEL
ISIC_0028898.jpg,MEL
ISIC_0028899.jpg,MEL
ISIC_0028900.jpg,MEL
ISIC_0028901.jpg,MEL
ISIC_0028915.jpg,MEL
ISIC_0028916.jpg,MEL
ISIC_0028929.jpg,MEL
ISIC_0028930.jpg,MEL
ISIC_0028965.jpg,MEL
ISIC_0028968.jpg,MEL
ISIC_0028969.jpg,MEL
ISIC_0028984.jpg,MEL
ISIC_0029000.jpg,MEL
ISIC_0029013.jpg,MEL
ISIC_0029017.jpg,MEL
ISIC_0029021.jpg,MEL
ISIC_0029028.jpg,MEL
ISIC_0029033.jpg,MEL
ISIC_0029056.jpg,MEL
ISIC_0029081.jpg,MEL
ISIC_0029089.jpg,MEL
ISIC_0029092.jpg,MEL
ISIC_0029094.jpg,MEL
ISIC_0029146.jpg,MEL
ISIC_0029157.jpg,MEL
ISIC_0029163.jpg,MEL
ISIC_0029170.jpg,MEL
ISIC_0029172.jpg,MEL
ISIC_0029209.jpg,MEL
ISIC_0029212.jpg,MEL
ISIC_0029216.jpg,MEL
ISIC_0029238.jpg,MEL
ISIC_0029241.jpg,MEL
ISIC_0029242.jpg,MEL
ISIC_0029265.jpg,MEL
ISIC_0029271.jpg,MEL
ISIC_0029272.jpg,MEL
ISIC_0029281.jpg,MEL
ISIC_0029316.jpg,MEL
ISIC_0029318.jpg,MEL
ISIC_0029319.jpg,MEL
ISIC_0029343.jpg,MEL
ISIC_0029353.jpg,MEL
ISIC_0029363.jpg,MEL
ISIC_0029370.jpg,MEL
ISIC_0029397.jpg,MEL
ISIC_0029434.jpg,MEL
ISIC_0029453.jpg,MEL
ISIC_0029454.jpg,MEL
ISIC_0029473.jpg,MEL
ISIC_0029480.jpg,MEL
ISIC_0029495.jpg,MEL
ISIC_0029502.jpg,MEL
ISIC_0029512.jpg,MEL
ISIC_0029513.jpg,MEL
ISIC_0029538.jpg,MEL
ISIC_0029547.jpg,MEL
ISIC_0029558.jpg,MEL
ISIC_0029562.jpg,MEL
ISIC_0029570.jpg,MEL
ISIC_0029571.jpg,MEL
ISIC_0029574.jpg,MEL
ISIC_0029575.jpg,MEL
ISIC_0029591.jpg,MEL
ISIC_0029606.jpg,MEL
ISIC_0029630.jpg,MEL
ISIC_0029632.jpg,MEL
ISIC_0029642.jpg,MEL
ISIC_0029651.jpg,MEL
ISIC_0029652.jpg,MEL
ISIC_0029660.jpg,MEL
ISIC_0029698.jpg,MEL
ISIC_0029705.jpg,MEL
ISIC_0029726.jpg,MEL
ISIC_0029740.jpg,MEL
ISIC_0029744.jpg,MEL
ISIC_0029780.jpg,MEL
ISIC_0029819.jpg,MEL
ISIC_0029839.jpg,MEL
ISIC_0029843.jpg,MEL
ISIC_0029859.jpg,MEL
ISIC_0029884.jpg,MEL
ISIC_0029885.jpg,MEL
ISIC_0029893.jpg,MEL
ISIC_0029909.jpg,MEL
ISIC_0029913.jpg,MEL
ISIC_0029914.jpg,MEL
ISIC_0029933.jpg,MEL
ISIC_0029937.jpg,MEL
ISIC_0029958.jpg,MEL
ISIC_0029995.jpg,MEL
ISIC_0030002.jpg,MEL
ISIC_0030014.jpg,MEL
ISIC_0030031.jpg,MEL
ISIC_0030032.jpg,MEL
ISIC_0030034.jpg,MEL
ISIC_0030047.jpg,MEL
ISIC_0030060.jpg,MEL
ISIC_0030080.jpg,MEL
ISIC_0030083.jpg,MEL
ISIC_0030089.jpg,MEL
ISIC_0030106.jpg,MEL
ISIC_0030107.jpg,MEL
ISIC_0030110.jpg,MEL
ISIC_0030119.jpg,MEL
ISIC_0030122.jpg,MEL
ISIC_0030129.jpg,MEL
ISIC_0030134.jpg,MEL
ISIC_0030150.jpg,MEL
ISIC_0030165.jpg,MEL
ISIC_0030171.jpg,MEL
ISIC_0030183.jpg,MEL
ISIC_0030187.jpg,MEL
ISIC_0030192.jpg,MEL
ISIC_0030211.jpg,MEL
ISIC_0030223.jpg,MEL
ISIC_0030238.jpg,MEL
ISIC_0030246.jpg,MEL
ISIC_0030255.jpg,MEL
ISIC_0030277.jpg,MEL
ISIC_0030281.jpg,MEL
ISIC_0030324.jpg,MEL
ISIC_0030333.jpg,MEL
ISIC_0030356.jpg,MEL
ISIC_0030360.jpg,MEL
ISIC_0030366.jpg,MEL
ISIC_0030382.jpg,MEL
ISIC_0030390.jpg,MEL
ISIC_0030391.jpg,MEL
ISIC_0030417.jpg,MEL
ISIC_0030423.jpg,MEL
ISIC_0030440.jpg,MEL
ISIC_0030443.jpg,MEL
ISIC_0030445.jpg,MEL
ISIC_0030486.jpg,MEL
ISIC_0030501.jpg,MEL
ISIC_0030507.jpg,MEL
ISIC_0030512.jpg,MEL
ISIC_0030521.jpg,MEL
ISIC_0030539.jpg,MEL
ISIC_0030552.jpg,MEL
ISIC_0030564.jpg,MEL
ISIC_0030575.jpg,MEL
ISIC_0030604.jpg,MEL
ISIC_0030616.jpg,MEL
ISIC_0030623.jpg,MEL
ISIC_0030653.jpg,MEL
ISIC_0030681.jpg,MEL
ISIC_0030689.jpg,MEL
ISIC_0030695.jpg,MEL
ISIC_0030747.jpg,MEL
ISIC_0030754.jpg,MEL
ISIC_0030756.jpg,MEL
ISIC_0030759.jpg,MEL
ISIC_0030760.jpg,MEL
ISIC_0030784.jpg,MEL
ISIC_0030795.jpg,MEL
ISIC_0030798.jpg,MEL
ISIC_0030818.jpg,MEL
ISIC_0030824.jpg,MEL
ISIC_0030828.jpg,MEL
ISIC_0030843.jpg,MEL
ISIC_0030883.jpg,MEL
ISIC_0030898.jpg,MEL
ISIC_0030901.jpg,MEL
ISIC_0030910.jpg,MEL
ISIC_0030925.jpg,MEL
ISIC_0030929.jpg,MEL
ISIC_0030932.jpg,MEL
ISIC_0030950.jpg,MEL
ISIC_0030951.jpg,MEL
ISIC_0030970.jpg,MEL
ISIC_0030995.jpg,MEL
ISIC_0031005.jpg,MEL
ISIC_0031013.jpg,MEL
ISIC_0031023.jpg,MEL
ISIC_0031025.jpg,MEL
ISIC_0031034.jpg,MEL
ISIC_0031077.jpg,MEL
ISIC_0031087.jpg,MEL
ISIC_0031118.jpg,MEL
ISIC_0031146.jpg,MEL
ISIC_0031170.jpg,MEL
ISIC_0031177.jpg,MEL
ISIC_0031186.jpg,MEL
ISIC_0031189.jpg,MEL
ISIC_0031203.jpg,MEL
ISIC_0031208.jpg,MEL
ISIC_0031233.jpg,MEL
ISIC_0031239.jpg,MEL
ISIC_0031295.jpg,MEL
ISIC_0031303.jpg,MEL
ISIC_0031310.jpg,MEL
ISIC_0031339.jpg,MEL
ISIC_0031350.jpg,MEL
ISIC_0031368.jpg,MEL
ISIC_0031369.jpg,MEL
ISIC_0031377.jpg,MEL
ISIC_0031386.jpg,MEL
ISIC_0031389.jpg,MEL
ISIC_0031401.jpg,MEL
ISIC_0031406.jpg,MEL
ISIC_0031408.jpg,MEL
ISIC_0031410.jpg,MEL
ISIC_0031417.jpg,MEL
ISIC_0031479.jpg,MEL
ISIC_0031494.jpg,MEL
ISIC_0031498.jpg,MEL
ISIC_0031499.jpg,MEL
ISIC_0031517.jpg,MEL
ISIC_0031529.jpg,MEL
ISIC_0031543.jpg,MEL
ISIC_0031545.jpg,MEL
ISIC_0031550.jpg,MEL
ISIC_0031554.jpg,MEL
ISIC_0031557.jpg,MEL
ISIC_0031561.jpg,MEL
ISIC_0031565.jpg,MEL
ISIC_0031586.jpg,MEL
ISIC_0031598.jpg,MEL
ISIC_0031642.jpg,MEL
ISIC_0031666.jpg,MEL
ISIC_0031670.jpg,MEL
ISIC_0031709.jpg,MEL
ISIC_0031711.jpg,MEL
ISIC_0031718.jpg,MEL
ISIC_0031741.jpg,MEL
ISIC_0031745.jpg,MEL
ISIC_0031746.jpg,MEL
ISIC_0031778.jpg,MEL
ISIC_0031779.jpg,MEL
ISIC_0031784.jpg,MEL
ISIC_0031795.jpg,MEL
ISIC_0031821.jpg,MEL
ISIC_0031844.jpg,MEL
ISIC_0031890.jpg,MEL
ISIC_0031900.jpg,MEL
ISIC_0031908.jpg,MEL
ISIC_0031915.jpg,MEL
ISIC_0031931.jpg,MEL
ISIC_0031941.jpg,MEL
ISIC_0031953.jpg,MEL
ISIC_0031957.jpg,MEL
ISIC_0031958.jpg,MEL
ISIC_0031972.jpg,MEL
ISIC_0031977.jpg,MEL
ISIC_0031999.jpg,MEL
ISIC_0032017.jpg,MEL
ISIC_0032019.jpg,MEL
ISIC_0032036.jpg,MEL
ISIC_0032044.jpg,MEL
ISIC_0032046.jpg,MEL
ISIC_0032070.jpg,MEL
ISIC_0032072.jpg,MEL
ISIC_0032079.jpg,MEL
ISIC_0032081.jpg,MEL
ISIC_0032095.jpg,MEL
ISIC_0032098.jpg,MEL
ISIC_0032110.jpg,MEL
ISIC_0032134.jpg,MEL
ISIC_0032149.jpg,MEL
ISIC_0032152.jpg,MEL
ISIC_0032182.jpg,MEL
ISIC_0032187.jpg,MEL
ISIC_0032190.jpg,MEL
ISIC_0032192.jpg,MEL
ISIC_0032197.jpg,MEL
ISIC_0032204.jpg,MEL
ISIC_0032207.jpg,MEL
ISIC_0032214.jpg,MEL
ISIC_0032219.jpg,MEL
ISIC_0032220.jpg,MEL
ISIC_0032232.jpg,MEL
ISIC_0032244.jpg,MEL
ISIC_0032245.jpg,MEL
ISIC_0032248.jpg,MEL
ISIC_0032258.jpg,MEL
ISIC_0032265.jpg,MEL
ISIC_0032269.jpg,MEL
ISIC_0032287.jpg,MEL
ISIC_0032308.jpg,MEL
ISIC_0032313.jpg,MEL
ISIC_0032331.jpg,MEL
ISIC_0032372.jpg,MEL
ISIC_0032389.jpg,MEL
ISIC_0032396.jpg,MEL
ISIC_0032400.jpg,MEL
ISIC_0032408.jpg,MEL
ISIC_0032420.jpg,MEL
ISIC_0032424.jpg,MEL
ISIC_0032425.jpg,MEL
ISIC_0032430.jpg,MEL
ISIC_0032433.jpg,MEL
ISIC_0032441.jpg,MEL
ISIC_0032447.jpg,MEL
ISIC_0032450.jpg,MEL
ISIC_0032462.jpg,MEL
ISIC_0032466.jpg,MEL
ISIC_0032476.jpg,MEL
ISIC_0032504.jpg,MEL
ISIC_0032509.jpg,MEL
ISIC_0032511.jpg,MEL
ISIC_0032517.jpg,MEL
ISIC_0032522.jpg,MEL
ISIC_0032526.jpg,MEL
ISIC_0032531.jpg,MEL
ISIC_0032532.jpg,MEL
ISIC_0032533.jpg,MEL
ISIC_0032535.jpg,MEL
ISIC_0032537.jpg,MEL
ISIC_0032544.jpg,MEL
ISIC_0032547.jpg,MEL
ISIC_0032550.jpg,MEL
ISIC_0032552.jpg,MEL
ISIC_0032559.jpg,MEL
ISIC_0032564.jpg,MEL
ISIC_0032569.jpg,MEL
ISIC_0032583.jpg,MEL
ISIC_0032586.jpg,MEL
ISIC_0032592.jpg,MEL
ISIC_0032596.jpg,MEL
ISIC_0032597.jpg,MEL
ISIC_0032598.jpg,MEL
ISIC_0032602.jpg,MEL
ISIC_0032603.jpg,MEL
ISIC_0032604.jpg,MEL
ISIC_0032610.jpg,MEL
ISIC_0032617.jpg,MEL
ISIC_0032622.jpg,MEL
ISIC_0032624.jpg,MEL
ISIC_0032626.jpg,MEL
ISIC_0032629.jpg,MEL
ISIC_0032630.jpg,MEL
ISIC_0032637.jpg,MEL
ISIC_0032638.jpg,MEL
ISIC_0032645.jpg,MEL
ISIC_0032653.jpg,MEL
ISIC_0032656.jpg,MEL
ISIC_0032662.jpg,MEL
ISIC_0032672.jpg,MEL
ISIC_0032684.jpg,MEL
ISIC_0032685.jpg,MEL
ISIC_0032687.jpg,MEL
ISIC_0032690.jpg,MEL
ISIC_0032695.jpg,MEL
ISIC_0032698.jpg,MEL
ISIC_0032699.jpg,MEL
ISIC_0032709.jpg,MEL
ISIC_0032716.jpg,MEL
ISIC_0032718.jpg,MEL
ISIC_0032722.jpg,MEL
ISIC_0032723.jpg,MEL
ISIC_0032724.jpg,MEL
ISIC_0032726.jpg,MEL
ISIC_0032730.jpg,MEL
ISIC_0032733.jpg,MEL
ISIC_0032736.jpg,MEL
ISIC_0032750.jpg,MEL
ISIC_0032751.jpg,MEL
ISIC_0032766.jpg,MEL
ISIC_0032774.jpg,MEL
ISIC_0032782.jpg,MEL
ISIC_0032790.jpg,MEL
ISIC_0032797.jpg,MEL
ISIC_0032806.jpg,MEL
ISIC_0032807.jpg,MEL
ISIC_0032810.jpg,MEL
ISIC_0032812.jpg,MEL
ISIC_0032823.jpg,MEL
ISIC_0032833.jpg,MEL
ISIC_0032836.jpg,MEL
ISIC_0032840.jpg,MEL
ISIC_0032841.jpg,MEL
ISIC_0032844.jpg,MEL
ISIC_0032845.jpg,MEL
ISIC_0032847.jpg,MEL
ISIC_0032856.jpg,MEL
ISIC_0032862.jpg,MEL
ISIC_0032869.jpg,MEL
ISIC_0032870.jpg,MEL
ISIC_0032872.jpg,MEL
ISIC_0032873.jpg,MEL
ISIC_0032875.jpg,MEL
ISIC_0032879.jpg,MEL
ISIC_0032887.jpg,MEL
ISIC_0032888.jpg,MEL
ISIC_0032892.jpg,MEL
ISIC_0032903.jpg,MEL
ISIC_0032913.jpg,MEL
ISIC_0032915.jpg,MEL
ISIC_0032917.jpg,MEL
ISIC_0032918.jpg,MEL
ISIC_0032921.jpg,MEL
ISIC_0032922.jpg,MEL
ISIC_0032925.jpg,MEL
ISIC_0032927.jpg,MEL
ISIC_0032936.jpg,MEL
ISIC_0032938.jpg,MEL
ISIC_0032940.jpg,MEL
ISIC_0032955.jpg,MEL
ISIC_0032958.jpg,MEL
ISIC_0032960.jpg,MEL
ISIC_0032965.jpg,MEL
ISIC_0032968.jpg,MEL
ISIC_0032970.jpg,MEL
ISIC_0032975.jpg,MEL
ISIC_0032976.jpg,MEL
ISIC_0032981.jpg,MEL
ISIC_0032982.jpg,MEL
ISIC_0032984.jpg,MEL
ISIC_0032985.jpg,MEL
ISIC_0032987.jpg,MEL
ISIC_0032988.jpg,MEL
ISIC_0032993.jpg,MEL
ISIC_0033004.jpg,MEL
ISIC_0033017.jpg,MEL
ISIC_0033023.jpg,MEL
ISIC_0033024.jpg,MEL
ISIC_0033027.jpg,MEL
ISIC_0033029.jpg,MEL
ISIC_0033034.jpg,MEL
ISIC_0033037.jpg,MEL
ISIC_0033038.jpg,MEL
ISIC_0033042.jpg,MEL
ISIC_0033047.jpg,MEL
ISIC_0033050.jpg,MEL
ISIC_0033051.jpg,MEL
ISIC_0033055.jpg,MEL
ISIC_0033061.jpg,MEL
ISIC_0033063.jpg,MEL
ISIC_0033068.jpg,MEL
ISIC_0033073.jpg,MEL
ISIC_0033074.jpg,MEL
ISIC_0033081.jpg,MEL
ISIC_0033089.jpg,MEL
ISIC_0033099.jpg,MEL
ISIC_0033103.jpg,MEL
ISIC_0033114.jpg,MEL
ISIC_0033117.jpg,MEL
ISIC_0033120.jpg,MEL
ISIC_0033122.jpg,MEL
ISIC_0033125.jpg,MEL
ISIC_0033129.jpg,MEL
ISIC_0033141.jpg,MEL
ISIC_0033152.jpg,MEL
ISIC_0033154.jpg,MEL
ISIC_0033166.jpg,MEL
ISIC_0033171.jpg,MEL
ISIC_0033174.jpg,MEL
ISIC_0033175.jpg,MEL
ISIC_0033178.jpg,MEL
ISIC_0033180.jpg,MEL
ISIC_0033183.jpg,MEL
ISIC_0033186.jpg,MEL
ISIC_0033192.jpg,MEL
ISIC_0033193.jpg,MEL
ISIC_0033196.jpg,MEL
ISIC_0033198.jpg,MEL
ISIC_0033204.jpg,MEL
ISIC_0033206.jpg,MEL
ISIC_0033209.jpg,MEL
ISIC_0033216.jpg,MEL
ISIC_0033217.jpg,MEL
ISIC_0033226.jpg,MEL
ISIC_0033232.jpg,MEL
ISIC_0033238.jpg,MEL
ISIC_0033239.jpg,MEL
ISIC_0033240.jpg,MEL
ISIC_0033241.jpg,MEL
ISIC_0033245.jpg,MEL
ISIC_0033258.jpg,MEL
ISIC_0033261.jpg,MEL
ISIC_0033267.jpg,MEL
ISIC_0033268.jpg,MEL
ISIC_0033269.jpg,MEL
ISIC_0033272.jpg,MEL
ISIC_0033274.jpg,MEL
ISIC_0033275.jpg,MEL
ISIC_0033278.jpg,MEL
ISIC_0033279.jpg,MEL
ISIC_0033286.jpg,MEL
ISIC_0033287.jpg,MEL
ISIC_0033299.jpg,MEL
ISIC_0033300.jpg,MEL
ISIC_0033302.jpg,MEL
ISIC_0033304.jpg,MEL
ISIC_0033310.jpg,MEL
ISIC_0033312.jpg,MEL
ISIC_0033317.jpg,MEL
ISIC_0033320.jpg,MEL
ISIC_0033323.jpg,MEL
ISIC_0033324.jpg,MEL
ISIC_0033325.jpg,MEL
ISIC_0033333.jpg,MEL
ISIC_0033336.jpg,MEL
ISIC_0033337.jpg,MEL
ISIC_0033344.jpg,MEL
ISIC_0033362.jpg,MEL
ISIC_0033368.jpg,MEL
ISIC_0033369.jpg,MEL
ISIC_0033377.jpg,MEL
ISIC_0033387.jpg,MEL
ISIC_0033392.jpg,MEL
ISIC_0033393.jpg,MEL
ISIC_0033394.jpg,MEL
ISIC_0033399.jpg,MEL
ISIC_0033405.jpg,MEL
ISIC_0033415.jpg,MEL
ISIC_0033416.jpg,MEL
ISIC_0033424.jpg,MEL
ISIC_0033426.jpg,MEL
ISIC_0033428.jpg,MEL
ISIC_0033429.jpg,MEL
ISIC_0033431.jpg,MEL
ISIC_0033432.jpg,MEL
ISIC_0033440.jpg,MEL
ISIC_0033444.jpg,MEL
ISIC_0033452.jpg,MEL
ISIC_0033454.jpg,MEL
ISIC_0033469.jpg,MEL
ISIC_0033470.jpg,MEL
ISIC_0033473.jpg,MEL
ISIC_0033476.jpg,MEL
ISIC_0033477.jpg,MEL
ISIC_0033479.jpg,MEL
ISIC_0033485.jpg,MEL
ISIC_0033487.jpg,MEL
ISIC_0033496.jpg,MEL
ISIC_0033498.jpg,MEL
ISIC_0033500.jpg,MEL
ISIC_0033518.jpg,MEL
ISIC_0033520.jpg,MEL
ISIC_0033522.jpg,MEL
ISIC_0033524.jpg,MEL
ISIC_0033526.jpg,MEL
ISIC_0033533.jpg,MEL
ISIC_0033534.jpg,MEL
ISIC_0033538.jpg,MEL
ISIC_0033545.jpg,MEL
ISIC_0033546.jpg,MEL
ISIC_0033559.jpg,MEL
ISIC_0033560.jpg,MEL
ISIC_0033562.jpg,MEL
ISIC_0033568.jpg,MEL
ISIC_0033569.jpg,MEL
ISIC_0033570.jpg,MEL
ISIC_0033573.jpg,MEL
ISIC_0033578.jpg,MEL
ISIC_0033586.jpg,MEL
ISIC_0033593.jpg,MEL
ISIC_0033594.jpg,MEL
ISIC_0033595.jpg,MEL
ISIC_0033603.jpg,MEL
ISIC_0033607.jpg,MEL
ISIC_0033611.jpg,MEL
ISIC_0033612.jpg,MEL
ISIC_0033616.jpg,MEL
ISIC_0033619.jpg,MEL
ISIC_0033624.jpg,MEL
ISIC_0033630.jpg,MEL
ISIC_0033636.jpg,MEL
ISIC_0033638.jpg,MEL
ISIC_0033643.jpg,MEL
ISIC_0033644.jpg,MEL
ISIC_0033651.jpg,MEL
ISIC_0033653.jpg,MEL
ISIC_0033654.jpg,MEL
ISIC_0033655.jpg,MEL
ISIC_0033662.jpg,MEL
ISIC_0033663.jpg,MEL
ISIC_0033668.jpg,MEL
ISIC_0033670.jpg,MEL
ISIC_0033678.jpg,MEL
ISIC_0033679.jpg,MEL
ISIC_0033687.jpg,MEL
ISIC_0033696.jpg,MEL
ISIC_0033700.jpg,MEL
ISIC_0033704.jpg,MEL
ISIC_0033708.jpg,MEL
ISIC_0033710.jpg,MEL
ISIC_0033713.jpg,MEL
ISIC_0033717.jpg,MEL
ISIC_0033725.jpg,MEL
ISIC_0033728.jpg,MEL
ISIC_0033730.jpg,MEL
ISIC_0033752.jpg,MEL
ISIC_0033754.jpg,MEL
ISIC_0033773.jpg,MEL
ISIC_0033779.jpg,MEL
ISIC_0033801.jpg,MEL
ISIC_0033802.jpg,MEL
ISIC_0033804.jpg,MEL
ISIC_0033805.jpg,MEL
ISIC_0033806.jpg,MEL
ISIC_0033807.jpg,MEL
ISIC_0033812.jpg,MEL
ISIC_0033813.jpg,MEL
ISIC_0033814.jpg,MEL
ISIC_0033819.jpg,MEL
ISIC_0033820.jpg,MEL
ISIC_0033831.jpg,MEL
ISIC_0033834.jpg,MEL
ISIC_0033843.jpg,MEL
ISIC_0033848.jpg,MEL
ISIC_0033856.jpg,MEL
ISIC_0033863.jpg,MEL
ISIC_0033871.jpg,MEL
ISIC_0033872.jpg,MEL
ISIC_0033874.jpg,MEL
ISIC_0033878.jpg,MEL
ISIC_0033881.jpg,MEL
ISIC_0033883.jpg,MEL
ISIC_0033885.jpg,MEL
ISIC_0033886.jpg,MEL
ISIC_0033893.jpg,MEL
ISIC_0033901.jpg,MEL
ISIC_0033902.jpg,MEL
ISIC_0033905.jpg,MEL
ISIC_0033911.jpg,MEL
ISIC_0033925.jpg,MEL
ISIC_0033931.jpg,MEL
ISIC_0033938.jpg,MEL
ISIC_0033942.jpg,MEL
ISIC_0033946.jpg,MEL
ISIC_0033947.jpg,MEL
ISIC_0033953.jpg,MEL
ISIC_0033956.jpg,MEL
ISIC_0033957.jpg,MEL
ISIC_0033962.jpg,MEL
ISIC_0033967.jpg,MEL
ISIC_0033968.jpg,MEL
ISIC_0033975.jpg,MEL
ISIC_0033977.jpg,MEL
ISIC_0033980.jpg,MEL
ISIC_0033981.jpg,MEL
ISIC_0033985.jpg,MEL
ISIC_0033986.jpg,MEL
ISIC_0033995.jpg,MEL
ISIC_0033999.jpg,MEL
ISIC_0034000.jpg,MEL
ISIC_0034002.jpg,MEL
ISIC_0034005.jpg,MEL
ISIC_0034006.jpg,MEL
ISIC_0034012.jpg,MEL
ISIC_0034022.jpg,MEL
ISIC_0034028.jpg,MEL
ISIC_0034034.jpg,MEL
ISIC_0034036.jpg,MEL
ISIC_0034046.jpg,MEL
ISIC_0034048.jpg,MEL
ISIC_0034049.jpg,MEL
ISIC_0034050.jpg,MEL
ISIC_0034051.jpg,MEL
ISIC_0034052.jpg,MEL
ISIC_0034059.jpg,MEL
ISIC_0034061.jpg,MEL
ISIC_0034062.jpg,MEL
ISIC_0034064.jpg,MEL
ISIC_0034065.jpg,MEL
ISIC_0034068.jpg,MEL
ISIC_0034071.jpg,MEL
ISIC_0034074.jpg,MEL
ISIC_0034076.jpg,MEL
ISIC_0034085.jpg,MEL
ISIC_0034087.jpg,MEL
ISIC_0034089.jpg,MEL
ISIC_0034092.jpg,MEL
ISIC_0034094.jpg,MEL
ISIC_0034100.jpg,MEL
ISIC_0034101.jpg,MEL
ISIC_0034104.jpg,MEL
ISIC_0034106.jpg,MEL
ISIC_0034107.jpg,MEL
ISIC_0034117.jpg,MEL
ISIC_0034118.jpg,MEL
ISIC_0034120.jpg,MEL
ISIC_0034132.jpg,MEL
ISIC_0034134.jpg,MEL
ISIC_0034140.jpg,MEL
ISIC_0034141.jpg,MEL
ISIC_0034145.jpg,MEL
ISIC_0034150.jpg,MEL
ISIC_0034159.jpg,MEL
ISIC_0034162.jpg,MEL
ISIC_0034170.jpg,MEL
ISIC_0034172.jpg,MEL
ISIC_0034173.jpg,MEL
ISIC_0034180.jpg,MEL
ISIC_0034183.jpg,MEL
ISIC_0034188.jpg,MEL
ISIC_0034202.jpg,MEL
ISIC_0034205.jpg,MEL
ISIC_0034208.jpg,MEL
ISIC_0034211.jpg,MEL
ISIC_0034216.jpg,MEL
ISIC_0034218.jpg,MEL
ISIC_0034222.jpg,MEL
ISIC_0034233.jpg,MEL
ISIC_0034236.jpg,MEL
ISIC_0034239.jpg,MEL
ISIC_0034242.jpg,MEL
ISIC_0034243.jpg,MEL
ISIC_0034246.jpg,MEL
ISIC_0034253.jpg,MEL
ISIC_0034256.jpg,MEL
ISIC_0034262.jpg,MEL
ISIC_0034263.jpg,MEL
ISIC_0034269.jpg,MEL
ISIC_0034275.jpg,MEL
ISIC_0034284.jpg,MEL
ISIC_0034287.jpg,MEL
ISIC_0034289.jpg,MEL
ISIC_0034294.jpg,MEL
ISIC_0034313.jpg,MEL
ISIC_0034316.jpg,MEL
ISIC_0034317.jpg,MEL
